<?xml version="1.0" encoding="UTF-8"?>
<colors>
    <!-- Main -->
    <color name="main_fg_100">ffdedede</color>
    <color name="main_fg_90">e7dedede</color>
    <color name="main_fg_70">ffcccccc</color>
    <color name="main_fg_30">4ddedede</color>
    <color name="main_fg_12">1fdedede</color>

    <color name="main_bg_100">ff000000</color>
    <color name="main_bg_90">e7000000</color>
    <color name="main_bg_70">b3000000</color>
    <color name="main_bg_30">4d000000</color>
    <color name="main_bg_12">1f000000</color>

    <!-- Dialogs -->
    <color name="dialog_fg_100">FFededed</color>
    <color name="dialog_fg_70">B3ededed</color>
    <color name="dialog_fg_30">4Dededed</color>
    <color name="dialog_fg_12">1Fededed</color>

    <color name="dialog_bg_100">FF181818</color>
    <color name="dialog_bg_70">B3181818</color>
    <color name="dialog_bg_30">4D181818</color>
    <color name="dialog_bg_12">1F181818</color>
    
    <!-- Background -->
    <color name="HomePanel">e7000000</color>
    <color name="Background">ff000000</color>
    <color name="PosterBack">ff454545</color>
    <color name="AltPosterBack">1fdedede</color>

</colors>
