<?xml version="1.0" encoding="UTF-8" standalone="yes"?>
<addon id="repository.shihat" name="Shihat Repo" version="1.0" provider-name="Shihat">
    <extension point="xbmc.addon.repository" name="Shihat Repo">
        <dir>
            <info compressed="false">https://raw.githubusercontent.com/Shihat/Shihat.github.io/master/repo/zips/addons.xml</info>
            <checksum>https://raw.githubusercontent.com/Shihat/Shihat.github.io/master/repo/zips/addons.xml.md5</checksum>
            <datadir zip="true">https://raw.githubusercontent.com/Shihat/Shihat.github.io/master/repo/zips/</datadir>
        </dir>
    </extension>
    <extension point="xbmc.addon.metadata">
        <summary>Shihat Repo</summary>
        <description>Meine Addons und Backups</description>
        <disclaimer></disclaimer>
        <platform>all</platform>
        <assets>
            <icon>icon.png</icon>
            <fanart>fanart.jpg</fanart>
        </assets>
    </extension>
</addon>
