<?xml version="1.0" encoding="UTF-8"?>
<!-- Foundation -->
<window id="129">
    <defaultcontrol always="true">22</defaultcontrol>
    <controls>

        <include>Global_Overlay</include>

        <control type="group">
            <include content="Dialog_Standard_Group">
                <param name="width" value="1800" />
                <param name="height" value="900" />
            </include>

            <control type="label" id="2">
                <include>Dialog_Standard_Header</include>
                <label>21432</label>
            </control>

            <include content="Defs_Settings_Gradient">
                <param name="id" value="9000" />
                <left>0</left>
                <top>dialog_top</top>
                <width>680</width>
                <height>item_list_height</height>
                <visible>ControlGroup(9000).HasFocus()</visible>
            </include>

            <!-- Left Side -->
            <control type="grouplist" description="Playlist Options" id="9000">
                <left>0</left>
                <top>dialog_top</top>
                <width>700</width>
                <bottom>dialog_pad</bottom>
                <itemgap>0</itemgap>
                <usecontrolcoords>true</usecontrolcoords>
                <orientation>vertical</orientation>
                <onright>10</onright>
                <ondown>8000</ondown>
                <onleft>8000</onleft>

                <control type="button" id="22" description="Playlist Type">
                    <label>467</label>
                    <include>Dialog_Standard_Button</include>
                </control>

                <control type="button" id="12" description="Edit Playlist Name">
                    <label>21433</label>
                    <include>Dialog_Standard_Button</include>
                </control>

                <control type="label" description="Options Label" id="9101">
                    <label>33063</label>
                    <include>Dialog_Standard_HintLabel</include>
                </control>

                <control type="button" id="16" description="Match">
                    <label>21424</label>
                    <include>Dialog_Standard_Button</include>
                </control>

                <control type="button" id="17" description="Limit">
                    <label>21427</label>
                    <include>Dialog_Standard_Button</include>
                </control>

                <control type="button" id="18" description="Sort Order">
                    <label>21429</label>
                    <include>Dialog_Standard_Button</include>
                </control>

                <control type="button" id="19" description="Sort Direction">
                    <label>580</label>
                    <include>Dialog_Standard_Button</include>
                </control>

                <control type="button" id="23" description="Group By">
                    <label>21458</label>
                    <include>Dialog_Standard_Button</include>
                </control>

                <control type="radiobutton" id="24" description="Mixed">
                    <label>$LOCALIZE[467]: $LOCALIZE[21459]</label>
                    <radioposx>645</radioposx>
                    <include>Dialog_Standard_Button</include>
                </control>
            </control>

            <!-- Right Side -->
            <control type="group">
                <right>dialog_side_grouplist</right>
                <width>700</width>
                <control type="group">
                    <include content="Dialog_Standard_List">
                        <param name="id" value="10" />
                        <param name="left_pad" value="0" />
                        <param name="checkmark" value="false" />
                        <param name="onleft" value="9000" />
                        <param name="onright" value="8000" />
                        <param name="width" value="700" />
                    </include>
                </control>
            </control>

            <control type="group">
                <right>dialog_side_grouplist</right>
                <width>700</width>
                <include content="Dialog_Separator">
                    <param name="left" value="0" />
                </include>
            </control>
            <include>Dialog_Separator_Right</include>

            <!-- Ok Cancel -->
            <control type="group">
                <include>Dialog_Standard_Right_Group</include>
                <control type="grouplist" id="8000">
                    <onleft>10</onleft>
                    <orientation>vertical</orientation>
                    <itemgap>0</itemgap>
                    <control type="button" id="20" description="OK">
                        <label>186</label>
                        <include>Dialog_Standard_Right_Buttons</include>
                    </control>
                    <control type="button" id="21" description="Cancel">
                        <label>222</label>
                        <include>Dialog_Standard_Right_Buttons</include>
                    </control>
                </control>
            </control>

        </control>

    </controls>

</window>
